Repository,AI_Score,Pre_Avg_MI,Pre_Median_MI,Pre_StdDev_MI,Post_Avg_MI,Post_Median_MI,Post_StdDev_MI,MI_Change_Percent
evilsocket/opensnitch,3,37.60987353600343,33.42041433470417,28.582886061161798,56.07104028283859,50.12921470322395,31.24547813845028,49.08595805078295
deepspeedai/DeepSpeed,6,59.011217490682014,55.47179908333898,29.75592293160229,71.94434299586834,73.56554848517092,26.631866074806577,21.91638480807228
kornia/kornia,10,60.85840264682625,59.63897044901512,22.478642367018946,73.83648869193705,75.14018030460392,20.7722542729468,21.325052056369746
great-expectations/great_expectations,6,59.96372830511388,55.52889124443285,27.493707133452503,72.64094604217411,75.64367188405569,23.162807472822124,21.14147684839517
fossasia/visdom,3,52.81308698208392,60.87468214379295,37.228214940565486,63.66878636971369,67.361677328909,24.49878985549821,20.554941981165403
pycaret/pycaret,5,53.610203345775055,56.81539006157516,27.225226632323974,63.49930994605435,61.2362195590417,27.12448976969652,18.446314289271665
triton-inference-server/server,3,64.266102241963,74.071470025682,26.911727567874756,75.48319342624643,80.47399865130915,23.07220159744167,17.45413335019275
Textualize/rich,6,55.58209042124342,54.54275574961309,26.923572413732398,64.23388559558882,62.3730061447656,30.192093567080494,15.565796659995154
trailofbits/algo,3,51.90493520776679,52.93880345038512,15.840241906575203,58.377654159194925,67.8480776155659,17.10000344332558,12.470334324701344
dbt-labs/dbt-core,6,58.10413398264208,56.47799556309536,26.40714438664001,64.8986533119054,59.44842875097895,29.51817273519837,11.693693483656624
numpy/numpy,3,55.125371910538064,54.690121545625445,27.328690135939954,58.99537351697585,60.931970773686686,28.110308160361885,7.020363713315788
apache/tvm,3,72.77265468151664,73.17189569377263,24.884717960996763,77.84279820084663,84.34516396127314,24.28062504846556,6.967099855734331
ultralytics/yolov3,3,52.00582115251458,51.13024681440092,22.00532550246896,55.21390051201114,54.986208464293966,25.307421440595032,6.1686928278440405
onnx/onnx,10,73.95758032325247,78.53778717860988,24.43206094587311,77.74998356466926,82.277655613286,22.26222502908533,5.127808704450611
home-assistant/core,12,65.00377824108867,57.513267742752326,25.82930710945357,68.19091769486447,60.50038690769931,25.27875741399326,4.903006471339568
celery/celery,5,50.288333143883605,48.35865849667141,27.314467552299547,52.28782577955862,50.57662864086864,28.63206706897776,3.976056692820018
pydantic/pydantic,3,52.95881326978609,51.47169123360781,30.679456827227373,54.7913730246084,53.26333824794839,30.715325875881582,3.460348980039966
dask/dask,3,46.371552918274496,42.808269494736855,30.42492458377499,47.66994458485727,44.9138552797572,30.021409801994487,2.7999745207391844
ray-project/ray,5,60.98732946872022,58.04795717196166,24.135918894029125,62.68577871158844,59.41119705170848,24.564211780975352,2.784921487239967
Lightning-AI/pytorch-lightning,6,68.44127822560866,70.18703547606425,23.99816520178264,70.2297935689145,73.06480539436849,25.97491315782536,2.613211485341076
scikit-learn/scikit-learn,3,54.60834515916263,52.19315125560388,25.33252940323944,56.01761321029744,52.75698396936219,26.909810379898367,2.580682580706899
serengil/deepface,2,66.02753783279186,67.71546303694177,17.710458599899972,67.56596110412664,69.17869689462285,20.06541168275084,2.3299721931638304
dbcli/pgcli,3,59.284201689257,59.01256661140165,26.03203911600208,60.65934555510166,61.74528192878621,26.59671666707428,2.319578954697901
encode/django-rest-framework,3,57.91100869434001,55.84359154600634,25.045498402772605,59.15047854891739,56.15904797385138,25.683563714732884,2.1403009246815623
Delgan/loguru,2,48.983775381402886,49.947778418046965,28.10523254940011,50.02196623901989,55.49293244222925,25.803353308362155,2.1194586361164016
wandb/wandb,5,69.84944201021506,68.06981584975667,25.794625827243628,71.05295600421972,69.93806431783031,26.376646191575052,1.723011608065043
saltstack/salt,3,49.5232762955412,49.34739335494068,24.160430250076818,50.33751071139132,50.280720209316,26.371013450987864,1.644144888538857
kivy/kivy,3,50.581560268752895,49.916880342999576,24.48058699201996,51.30810374147622,50.6368337517537,25.13002689559878,1.4363801133516152
nicolargo/glances,8,65.69360318339857,67.98343533587236,15.579329104354793,66.4188968450712,67.09855428705407,19.653457711115674,1.104055229925227
django-cms/django-cms,6,75.88890182109711,77.2283788173248,25.185897532652543,76.2736952058753,80.7867254866049,25.69666718295137,0.5070482976355565
mlflow/mlflow,12,63.34823553539314,58.64133599530002,23.884113355178066,63.66772152689102,60.08052767649655,26.1953417220292,0.504332897037643
redis/redis-py,8,58.6532685532253,55.27082447446995,28.211976192200517,58.92250360631435,57.57361472699806,29.812715642921717,0.4590282174039947
sanic-org/sanic,3,64.02456207122052,59.42970595155434,25.384335575046123,64.22772797799773,60.8787747232125,25.54842017400911,0.3173249456219862
nodejs/node-gyp,3,50.54620529339709,57.52720361620265,30.117103278731125,50.68049932076018,55.4890738332756,27.56947609748856,0.2656856762709861
facebookresearch/hydra,6,77.20714286238932,87.91395189913106,26.465773090802305,77.30412363695204,90.54916199431104,26.72710713800129,0.1256111429166313
ansible/ansible,5,66.49917222830935,69.33185966137185,27.5769843325914,66.51473952796175,69.02642528643455,27.983974260525656,0.0234097645591084
psf/black,6,58.54332389806259,56.96967213695534,32.208691338259285,58.510364697525794,55.960678849418095,31.69095594807017,-0.0562988199887382
mingrammer/diagrams,3,99.2067487839824,100.0,6.705920853327114,99.06909135427544,100.0,6.938190385452599,-0.1387581302625937
PrefectHQ/prefect,5,68.12799853937662,63.08799142290859,23.904632816714976,67.99366236401308,65.83610267325358,28.462159571535945,-0.1971820371119516
beetbox/beets,5,58.18249458469697,59.52820171095856,25.83179188172386,58.05826615528569,58.1070627955904,24.18501676216976,-0.2135151307932219
simonw/datasette,3,54.56691360581442,51.98052272591746,28.284490331694983,54.42952009417375,53.010371904509526,28.29787240767655,-0.2517890468080901
nltk/nltk,6,56.917132998421,58.52522726779709,27.536784597220823,56.556228648706224,57.829574276656444,27.336023396457552,-0.6340873664961159
caronc/apprise,4,59.309309322833016,60.29213019694251,12.782175097070656,58.931572880575104,58.49686124157351,19.42385917765012,-0.6368923303453322
TheAlgorithms/Python,5,64.04850695098318,62.60532674362637,14.941192340251233,63.63915582646909,62.9244959415217,14.029905463775316,-0.63912672441743
pyodide/pyodide,5,75.65391888336761,77.67554256890801,22.42595862424966,74.90805725087753,77.24390207708387,24.077074649118117,-0.9858863142832544
pandas-dev/pandas,3,50.2212855120898,48.86787537014119,30.04267116865428,49.72488707068772,47.54440462653251,30.27646391646011,-0.988422411613857
numba/numba,3,54.31926150518708,53.58330119492038,29.444704288820507,53.73225139183255,52.98614506286637,28.931614216028173,-1.080666594295424
django/django,2,66.78969621414278,64.02582539216134,26.89891343873616,66.02777912756468,63.42565180105794,27.889930099325948,-1.140770402870552
AtsushiSakai/PythonRobotics,3,50.534981408940695,45.45534734193423,20.11486960916666,49.89888686217797,45.99808151836236,18.41042685181688,-1.2587212442313909
DLR-RM/stable-baselines3,3,63.51694542971176,57.015838678680616,23.95243040512122,62.69611707580871,57.938355160295096,23.89937698628446,-1.2922982179792948
mitmproxy/mitmproxy,6,59.24628928686496,56.09114458218794,25.511283947580484,58.27020027962186,55.70587249478697,25.13486154948836,-1.6475107875819288
speechbrain/speechbrain,6,56.296780091553885,53.12446238952426,20.418721433779872,55.27233443792292,51.128544386547176,21.887579001121253,-1.8197233517883888
psf/requests,3,64.1270011338292,67.98847227396891,27.851273540734763,62.80190967218249,66.67845667385097,29.144000074593155,-2.066354949113121
python/cpython,3,58.34742736229935,58.3787619705117,29.147581211934924,57.08425667461518,57.006343308435845,30.156614278843502,-2.1649123959497008
modin-project/modin,3,76.8413953429592,91.99017145282244,28.1218754395108,74.82365766108803,89.60477207360913,29.729608979812127,-2.6258472700366555
freqtrade/freqtrade,5,68.19344113929363,68.6540545999633,25.95678427295483,66.26123434042236,63.028946284839655,25.05792713619593,-2.8334202917322937
scipy/scipy,3,61.77550083678647,60.56926207887021,28.60820554783734,59.95189157014982,56.4651671977927,30.36444285466851,-2.9519943050801087
ansible/awx,3,71.58367239059405,72.00844266446275,27.325278053855687,69.44922708688539,69.16010982074755,27.21213746541225,-2.981748815654673
zulip/zulip,7,67.70339660117553,65.73865527917303,24.548042386016707,65.64700103591686,63.490988807627126,25.0791925808973,-3.037359524770081
pypa/pipenv,6,61.17214558050517,58.991735325427165,29.345736428556183,59.13352234777761,56.445091762842594,26.50691287083085,-3.332600505314385
streamlit/streamlit,13,83.65775473067654,90.7832558912739,18.978678087860366,80.79102746847218,87.78921905485511,21.42608533495038,-3.426732251461156
python-poetry/poetry,6,66.8195327790911,64.9003012384472,28.859223068359853,64.31876093951806,60.102491058194445,26.763597691601426,-3.7425760635602336
Nuitka/Nuitka,6,68.17509835643403,70.03428324297984,26.257877645673467,65.52462730158659,66.64378417230753,28.56062203077556,-3.887740712877615
pyg-team/pytorch_geometric,3,60.33140693425711,55.990367443235975,19.24638678254869,57.82067209831675,54.65908979348929,20.49036375213599,-4.16157183053314
secdev/scapy,3,55.72657946901296,52.78355489307404,29.12361135070853,53.34809034869349,51.60102201256432,30.33928729383021,-4.268141240648075
huggingface/transformers,8,61.124232229606015,63.382250662675375,34.93795171643774,58.40324345067181,57.4798538410365,29.087233573102893,-4.451571299436745
goauthentik/authentik,4,77.05569079486251,72.08839155203296,22.056655992201133,73.55913655131275,68.28318364595535,23.74502734981352,-4.537697615168081
NVIDIA/Megatron-LM,7,63.868431293089486,62.90266067120129,18.743685904346723,60.91636999662151,57.195033725205256,28.38116239814665,-4.622097704139768
PostHog/posthog,11,67.9369454242911,63.48230275465068,24.006896815187776,64.58671028498631,59.72639055865856,27.85409237559817,-4.9313891261688925
huggingface/sentence-transformers,3,65.97165845698592,57.73270372290436,23.67965632506261,62.709192760882765,56.21016468856352,26.470375767683112,-4.945253420042959
dagster-io/dagster,7,69.16763057890508,65.3195580684234,26.25682973446758,65.70999472290714,61.67390063099685,27.28204186606781,-4.998921933654402
plasma-umass/scalene,6,66.9120876814332,67.71925137840692,21.798258802196727,63.5059327771512,65.73283392825357,22.8288133158817,-5.090492648351706
geldata/gel,3,59.29997849302798,59.61548707754219,32.27264778856372,56.23598747106752,57.28653075284947,31.75829146734561,-5.166934457355159
getsentry/sentry,11,72.20541096101923,68.52307433385658,24.20332736965833,68.45141843817771,64.36053324294122,25.036324524957447,-5.199045989597847
Netflix/metaflow,6,62.07009395536837,61.85540790520591,23.80284388033969,58.81874018318056,59.3947753249204,26.87545037760837,-5.238196956050533
hummingbot/hummingbot,3,62.07357264323596,58.0606519048266,24.16653650033137,58.802446818900535,55.05301590153445,28.05558384908185,-5.2697560089476765
pytorch/pytorch,9,61.6752816577768,59.31974762077046,23.49321693942919,58.386945403211286,57.08677039462231,28.332943351979043,-5.331692318507441
scrapy/scrapy,3,63.31406201488006,57.75013459156954,21.670888699562003,59.69088602239242,56.5228113562586,21.57018093107685,-5.7225454775530284
rq/rq,3,64.12456269178473,66.50134689570056,31.3248310038356,60.34400812814232,57.78811303413554,29.651518981040656,-5.895641864746399
kedro-org/kedro,3,76.40695883079891,75.04796703643774,22.646112955439904,71.59851023292974,71.04733218343962,25.53055555146061,-6.293207675648168
cupy/cupy,3,65.11757798955598,58.74326411283924,29.32708847076283,60.895609778210826,57.33199920310247,28.668683029319062,-6.48360756295682
locustio/locust,7,61.1617880561493,58.90513788925423,26.65586689848953,56.91428964543032,57.80111880535871,24.895375737326717,-6.944692994945764
python-pillow/Pillow,3,62.7526934510088,62.05320696975659,23.581954760724383,58.17404760440022,58.49080464414951,24.51889620455174,-7.296333583168253
PaddlePaddle/PaddleDetection,3,58.5098498820515,53.97373527834792,24.08281486315565,54.0169382956701,49.652766113562535,24.556973721655886,-7.678897818809211
python-telegram-bot/python-telegram-bot,2,83.17404725890805,92.85530704925112,21.96801310643032,76.61542261375288,80.75534566970896,21.290311227550283,-7.885422029228867
sherlock-project/sherlock,3,74.2876857405201,84.90604914665005,23.98442721344574,68.35105057491623,69.19300235403075,24.389144306748445,-7.991412178782878
ludwig-ai/ludwig,2,73.0310655564241,75.23108899213375,26.01232646465884,67.1060303171934,64.75467846986845,26.280820598041974,-8.1130340822605
lra/mackup,6,73.77480917366603,69.0935801393045,19.513938350978943,67.76405084679452,62.91710315872875,20.455915564020565,-8.147440019427464
apache/airflow,8,86.19077000928526,100.0,20.579278356032983,78.77482869649675,83.98407217934735,23.741747019779776,-8.604101473962457
wkentaro/labelme,2,59.79943805790023,59.82635880217123,25.5048516786002,54.60935447403297,49.65055249557635,28.97051546147124,-8.679151096440094
Chia-Network/chia-blockchain,2,61.89782372145081,60.17224463078736,28.690406541615253,56.49482454221437,53.9115668619602,28.12449502463998,-8.728900071754895
Kludex/starlette,3,57.692722441773874,54.22571535252695,25.540956153741465,52.4742210987391,53.58662413343305,21.716393579690877,-9.045337301080778
yzhao062/pyod,3,69.16600066750685,61.383553702018936,18.79418802366436,62.52503793719376,58.14702088346805,20.03949942876461,-9.601484351014264
sshuttle/sshuttle,3,54.29052642776867,49.13147353467086,25.7272301477722,49.03628962331177,44.81688550123485,23.611546441929526,-9.677999367803974
pypa/pipx,3,65.24202315184465,61.22126663746791,20.887377387322424,58.64530533993212,54.01778924878041,21.2247003432333,-10.111148448844526
spotDL/spotify-downloader,5,75.37073498587404,72.88305125101206,19.25295137091501,66.33086559540348,63.42554855979416,22.059055557654844,-11.993871881659118
icloud-photos-downloader/icloud_photos_downloader,5,79.6642498027289,83.22735471547875,19.49952778365744,69.38616791235991,63.98896859201538,25.799253706397785,-12.901749424391012
commaai/openpilot,7,63.42645686406677,60.44298245853346,19.936455608438305,55.18729362726049,54.23074582949288,20.42095059730127,-12.990104830329956
laramies/theHarvester,3,64.12844400166883,59.672088881799525,19.608262453851648,55.26576609685035,55.52650870664343,17.001644679552122,-13.820197952390426
ArchiveBox/ArchiveBox,5,66.94460417107254,69.62219561226509,21.392809718161555,57.660053015686906,54.02159230361065,28.60827176564557,-13.869005979420798
keon/algorithms,3,70.40670088230691,67.40020920632249,16.08711214867214,59.98192219085114,58.41712712855393,15.136928207148951,-14.806514949311442
NVIDIA-NeMo/NeMo,10,74.59366936089033,78.92975743521586,22.78323561148329,63.29679681870205,63.574525427423794,27.910929647697756,-15.1445459634558
vega/altair,3,70.91733991054092,100.0,34.3386460346005,54.33840841495434,50.11704007689077,30.696061661797305,-23.377824826058283
huggingface/datasets,3,74.47037026919377,75.96705177437907,18.89947179089874,56.944633878000765,56.586673805300826,27.82112470869517,-23.53383812627945
idank/explainshell,2,72.18054229147432,73.73984877480059,25.22614265363828,51.39161224815366,46.84514817609248,23.770015933894275,-28.801293788251524
