Repository,AI_Score,Pre_Commits,Post_Commits,Commits_Change_Percent,Pre_Issues,Post_Issues,Issues_Change_Percent,Pre_Avg_Resolution_Hours,Post_Avg_Resolution_Hours,Pre_Fix_Percent,Post_Fix_Percent,MI_Change_Percent
TheAlgorithms/Python,5,255,42,-83.53,206,83,-59.42,999.2363727076593,987.9329398148147,58.82352941176471,57.14285714285714,-0.63912672441743
django/django,2,607,530,-12.69,0,0,0.0,0.0,0.0,53.87149917627677,56.9811320754717,-1.140770402870552
sherlock-project/sherlock,3,104,29,-72.12,116,75,-35.04,10371.916641182466,1031.8222154471543,25.961538461538463,37.93103448275862,-7.991412178782878
huggingface/transformers,8,1000,1000,0.0,2232,1111,-50.2,1448.6802808771115,1838.0363909378293,54.2,73.3,-4.451571299436745
ansible/ansible,5,469,205,-56.29,2032,413,-79.64,17674.801308425038,9286.42556091806,37.73987206823028,47.80487804878049,0.0234097645591084
scikit-learn/scikit-learn,3,758,500,-34.04,2057,651,-68.32,26708.9387442557,20687.695784574466,26.2532981530343,31.0,2.580682580706899
scrapy/scrapy,3,172,159,-7.56,464,138,-70.11,29830.63350819672,13607.30448082011,19.186046511627907,30.18867924528302,-5.7225454775530284
Textualize/rich,6,487,162,-66.74,198,93,-52.76,869.7215095398428,2953.340469348658,32.238193018480494,19.1358024691358,15.565796659995154
commaai/openpilot,7,1000,946,-5.4,514,266,-48.16,3055.7660451794204,4861.456551679586,23.3,30.972515856236782,-12.990104830329956
psf/requests,3,55,67,21.82,3320,180,-94.55,2651.538154713393,13018.371342281878,25.454545454545453,13.432835820895525,-2.066354949113121
freqtrade/freqtrade,5,1000,1000,0.0,666,183,-72.41,1459.2452540288375,937.7204344315248,19.8,25.9,-2.8334202917322937
pandas-dev/pandas,3,1000,1000,0.0,7355,1165,-84.15,17606.281172031282,21437.05211296772,32.6,39.7,-0.988422411613857
streamlit/streamlit,13,314,1000,218.47,1023,729,-28.71,11276.46109089311,8455.41678100264,34.394904458598724,65.9,-3.426732251461156
apache/airflow,8,1000,1000,0.0,2039,2327,14.12,6596.960037684138,3304.3436167987666,38.8,47.6,-8.604101473962457
mitmproxy/mitmproxy,6,249,91,-63.45,414,99,-75.9,9295.707398041104,5108.112425925927,32.53012048192771,74.72527472527473,-1.6475107875819288
python/cpython,3,1000,1000,0.0,57942,3465,-94.02,10218.339250067072,9216.163950444132,33.4,32.1,-2.1649123959497008
getsentry/sentry,11,1000,1000,0.0,496,1777,257.75,18271.205534979425,5761.227298218029,38.9,48.8,-5.199045989597847
deepspeedai/DeepSpeed,6,212,161,-24.06,388,147,-61.95,10862.338396852483,1935.4236965811965,35.37735849056604,62.11180124223602,21.91638480807228
mingrammer/diagrams,3,16,9,-43.75,122,10,-91.06,7671.463289141413,12773.591018518518,18.75,44.44444444444444,-0.1387581302625937
pytorch/pytorch,9,1000,1000,0.0,6624,6042,-8.78,11074.938963840596,4321.979724028767,94.1,89.9,-5.331692318507441
ray-project/ray,5,1000,1000,0.0,3536,1494,-57.73,12107.990134874291,3725.438808902276,32.2,46.2,2.784921487239967
psf/black,6,145,142,-2.07,553,108,-80.32,11613.48646491228,9265.149729166667,33.793103448275865,33.098591549295776,-0.0562988199887382
home-assistant/core,12,1000,1000,0.0,6376,8528,33.75,2468.2520593493805,2118.936835507072,16.0,16.5,4.903006471339568
nicolargo/glances,8,195,507,160.0,306,166,-45.6,28430.633514578407,9027.13558641975,22.56410256410257,16.962524654832347,1.104055229925227
python-poetry/poetry,6,173,137,-20.81,3313,144,-95.62,7005.552655988275,5379.381961805556,41.61849710982659,43.06569343065693,-3.7425760635602336
trailofbits/algo,3,24,116,383.33,178,101,-43.02,22656.66851340996,20056.420486111107,33.33333333333333,35.3448275862069,12.470334324701344
encode/django-rest-framework,3,64,83,29.69,316,38,-87.7,13654.173122605363,14732.461336805554,32.8125,31.32530120481928,2.1403009246815623
numpy/numpy,3,1000,1000,0.0,1895,498,-73.68,27230.47612493281,12534.656799074077,35.8,25.6,7.020363713315788
Lightning-AI/pytorch-lightning,6,1000,165,-83.5,1494,187,-87.42,2556.3859502209816,5564.597979797981,26.700000000000003,39.39393939393939,2.613211485341076
AtsushiSakai/PythonRobotics,3,61,28,-54.1,33,10,-67.65,5129.157562724015,5523.955277777778,57.377049180327866,78.57142857142857,-1.2587212442313909
python-telegram-bot/python-telegram-bot,2,17,92,441.18,830,34,-95.79,1468.4147771746414,830.651388888889,41.17647058823529,6.521739130434782,-7.885422029228867
locustio/locust,7,410,256,-37.56,187,37,-79.79,3358.2748588829472,3617.429047619048,26.09756097560976,21.875,-6.944692994945764
celery/celery,5,177,155,-12.43,793,131,-83.38,12523.388129910212,15139.753797425474,33.33333333333333,50.967741935483865,3.976056692820018
pydantic/pydantic,3,110,242,120.0,633,383,-39.43,12027.194361825652,1513.944138242894,56.36363636363636,23.96694214876033,3.460348980039966
PostHog/posthog,11,1000,1000,0.0,1496,2002,33.8,10477.661386977135,5547.810292063493,36.9,42.7,-4.9313891261688925
keon/algorithms,3,9,61,577.78,55,79,42.86,51318.16611616163,38932.659476911984,33.33333333333333,45.90163934426229,-14.806514949311442
ArchiveBox/ArchiveBox,5,54,385,612.96,302,69,-76.9,6510.59327689243,19467.11774176955,18.51851851851852,38.44155844155844,-13.869005979420798
spotDL/spotify-downloader,5,54,37,-31.48,98,82,-16.16,772.4872222222222,1319.4911543209876,46.2962962962963,37.83783783783784,-11.993871881659118
Delgan/loguru,2,4,37,825.0,183,47,-73.91,4177.876009204471,4192.508599033817,50.0,29.72972972972973,2.1194586361164016
pyg-team/pytorch_geometric,3,426,68,-84.04,928,78,-91.5,13212.759764928192,11844.70866512346,35.44600938967136,27.94117647058824,-4.16157183053314
mlflow/mlflow,12,352,1000,184.09,825,961,16.46,19824.62330794504,10071.484580256682,57.67045454545454,22.0,0.504332897037643
zulip/zulip,7,1000,1000,0.0,1866,1749,-6.27,28647.043339579657,22486.97100198413,28.3,36.0,-3.037359524770081
serengil/deepface,2,105,45,-57.14,125,47,-61.9,175.1206822222222,1618.8392165242165,5.714285714285714,2.2222222222222223,2.3299721931638304
pypa/pipenv,6,179,401,124.02,772,269,-65.07,19613.26051345711,24427.19685429769,40.22346368715084,66.83291770573567,-3.332600505314385
goauthentik/authentik,4,1000,1000,0.0,178,1003,460.89,2409.8287666666665,4250.991432702419,23.8,38.1,-4.537697615168081
onnx/onnx,10,99,247,149.49,689,205,-70.14,14879.815004546956,10080.584531746032,62.62626262626263,79.35222672064778,5.127808704450611
PrefectHQ/prefect,5,1000,1000,0.0,547,777,41.97,11213.53028031688,8689.542636475337,16.2,28.000000000000004,-0.1971820371119516
huggingface/datasets,3,566,106,-81.27,643,153,-76.09,5731.530848036126,4102.708163841808,53.003533568904594,48.11320754716981,-23.53383812627945
sanic-org/sanic,3,104,34,-67.31,143,51,-63.89,5171.565744274809,10388.825130208334,44.230769230769226,47.05882352941176,0.3173249456219862
kivy/kivy,3,46,65,41.3,794,54,-93.08,35115.02262641723,3642.3750555555553,67.3913043478261,55.38461538461539,1.4363801133516152
huggingface/sentence-transformers,3,89,386,333.71,439,79,-81.82,3457.9322468527644,2206.3248692810457,26.96629213483146,22.53886010362694,-4.945253420042959
caronc/apprise,4,54,110,103.7,87,92,5.68,6026.478942436413,9359.378116096865,18.51851851851852,15.454545454545451,-0.6368923303453322
laramies/theHarvester,3,269,204,-24.16,71,16,-76.39,6065.989190140845,15087.103849206353,28.25278810408922,32.35294117647059,-13.820197952390426
NVIDIA-NeMo/NeMo,10,303,292,-3.63,394,272,-30.89,1360.310095177665,2271.2994606256743,63.03630363036304,56.16438356164384,-15.1445459634558
NVIDIA/Megatron-LM,7,336,1000,197.62,111,557,398.21,23852.27472222223,4096.013991656491,23.214285714285715,27.800000000000004,-4.622097704139768
wkentaro/labelme,2,38,859,2160.53,210,41,-80.09,8553.284364672365,4999.338303303302,31.57894736842105,23.51571594877765,-8.679151096440094
hummingbot/hummingbot,3,1000,1000,0.0,1217,115,-90.48,8387.426921418773,2799.479736111111,29.2,29.3,-5.2697560089476765
ansible/awx,3,828,187,-77.42,1806,76,-95.74,10684.73100939373,2070.692847222222,26.44927536231884,46.524064171122994,-2.981748815654673
dagster-io/dagster,7,1000,1000,0.0,1149,776,-32.43,10208.16279650834,15605.701861176163,24.2,52.7,-4.998921933654402
lra/mackup,6,58,48,-17.24,86,11,-86.21,35783.288658392434,58857.36493055555,13.79310344827586,14.583333333333334,-8.147440019427464
Nuitka/Nuitka,6,836,877,4.9,1061,205,-80.6,5168.269633428754,5645.140124209574,25.47846889952153,31.92702394526796,-3.887740712877615
beetbox/beets,5,266,1000,275.94,1007,1238,22.92,9636.157459989505,7725.538138917147,21.052631578947366,30.9,-0.2135151307932219
pyodide/pyodide,5,208,166,-20.19,330,80,-75.53,13195.201194241688,5596.203909722222,26.923076923076923,22.289156626506024,-0.9858863142832544
nltk/nltk,6,181,307,69.61,227,48,-78.51,13494.892695413437,5099.526649305555,32.59668508287293,43.32247557003257,-0.6340873664961159
scipy/scipy,3,979,1000,2.15,1592,642,-59.64,25702.21488707681,11532.33849217311,31.46067415730337,29.0,-2.9519943050801087
idank/explainshell,2,2,438,21800.0,92,102,10.75,65015.74105620154,58291.4259315376,50.0,36.07305936073059,-28.801293788251524
saltstack/salt,3,962,797,-17.15,2378,352,-85.16,28392.383296115266,12801.444426946628,32.12058212058212,41.65621079046424,1.644144888538857
PaddlePaddle/PaddleDetection,3,336,3,-99.11,1278,50,-96.01,3591.9474407018565,15759.36751068376,47.91666666666667,33.33333333333333,-7.678897818809211
geldata/gel,3,586,7,-98.81,282,14,-94.7,8619.467341269841,16359.735,41.46757679180888,28.57142857142857,-5.166934457355159
dask/dask,3,292,109,-62.67,859,165,-80.7,10100.647901348038,5327.653901808785,21.91780821917808,13.761467889908255,2.7999745207391844
evilsocket/opensnitch,3,89,254,185.39,138,147,6.47,5622.531132478633,5453.386226851852,37.07865168539326,25.196850393700785,49.08595805078295
redis/redis-py,8,229,114,-50.22,201,137,-31.68,8294.99675879397,11673.814404761904,16.593886462882097,59.64912280701754,0.4590282174039947
sshuttle/sshuttle,3,49,48,-2.04,74,11,-84.0,7680.131101851851,868.8644444444444,26.53061224489796,47.91666666666667,-9.677999367803974
plasma-umass/scalene,6,528,178,-66.29,64,41,-35.38,4556.24981060606,4663.580424382716,17.803030303030305,45.50561797752809,-5.090492648351706
DLR-RM/stable-baselines3,3,51,17,-66.67,235,35,-84.75,3129.966086956522,3548.806726190476,58.82352941176471,64.70588235294117,-1.2922982179792948
dbcli/pgcli,3,5,21,320.0,150,20,-86.09,43108.77121737509,3547.02311965812,20.0,47.61904761904761,2.319578954697901
python-pillow/Pillow,3,610,529,-13.28,528,86,-83.55,9898.012250938811,4112.793376736111,11.9672131147541,11.153119092627598,-7.296333583168253
pypa/pipx,3,16,85,431.25,141,115,-18.31,16762.76906167979,13887.764700520833,18.75,40.0,-10.111148448844526
Kludex/starlette,3,54,67,24.07,194,20,-89.23,12091.74540927896,16441.073431372548,33.33333333333333,23.88059701492537,-9.045337301080778
icloud-photos-downloader/icloud_photos_downloader,5,27,1,-96.3,63,50,-20.31,18871.050422453704,4048.3384920634926,18.51851851851852,0.0,-12.901749424391012
apache/tvm,3,1000,505,-49.5,399,159,-60.0,12902.929995822891,1857.894304257528,50.8,51.48514851485149,6.967099855734331
secdev/scapy,3,122,72,-40.98,161,48,-69.75,4653.392183048432,2470.6240538194443,40.98360655737705,51.388888888888886,-4.268141240648075
dbt-labs/dbt-core,6,512,252,-50.78,891,659,-26.01,6612.915020762552,6421.328732260297,28.90625,42.46031746031746,11.693693483656624
ludwig-ai/ludwig,2,152,178,17.11,196,52,-73.1,21698.668374433106,13924.664958628846,26.973684210526315,47.19101123595505,-8.1130340822605
kornia/kornia,10,263,178,-32.32,185,363,95.7,21949.89999392836,23489.708481711525,55.13307984790875,65.73033707865169,21.325052056369746
great-expectations/great_expectations,6,560,240,-57.14,365,74,-79.51,4072.358660578386,5099.944482905983,38.75,17.5,21.14147684839517
speechbrain/speechbrain,6,1000,34,-96.6,285,25,-90.91,3234.3855766145207,10935.490858585856,21.4,29.411764705882355,-1.8197233517883888
simonw/datasette,3,184,121,-34.24,256,66,-73.93,5773.957351712615,2894.0304629629627,19.021739130434785,23.96694214876033,-0.2517890468080901
kedro-org/kedro,3,303,122,-59.74,182,249,36.61,5041.03981276857,3894.613241330503,16.5016501650165,48.36065573770492,-6.293207675648168
cupy/cupy,3,1000,744,-25.6,458,209,-54.25,13622.480508996214,8029.28664089347,28.000000000000004,35.08064516129033,-6.48360756295682
numba/numba,3,1000,495,-50.5,912,164,-81.93,14489.878628976488,7843.453524590162,33.2,24.848484848484848,-1.080666594295424
django-cms/django-cms,6,5,121,2320.0,244,61,-74.69,41540.25939986282,16403.350464646468,20.0,58.67768595041323,0.5070482976355565
wandb/wandb,5,307,678,120.85,945,268,-71.56,6113.347977610983,6013.7571288888885,27.36156351791531,35.54572271386431,1.723011608065043
triton-inference-server/server,3,268,110,-58.96,595,170,-71.31,3015.1768666475755,9523.482719478738,42.16417910447761,34.54545454545455,17.45413335019275
rq/rq,3,33,47,42.42,217,25,-88.07,25642.4748018648,7375.975227272726,42.42424242424242,42.5531914893617,-5.895641864746399
nodejs/node-gyp,3,22,39,77.27,270,41,-84.5,8541.76870222222,4097.037410394266,22.727272727272727,33.33333333333333,0.2656856762709861
Chia-Network/chia-blockchain,2,758,462,-39.05,2160,20,-99.03,1275.900458746386,885.8368300653595,24.538258575197887,34.63203463203463,-8.728900071754895
ultralytics/yolov3,3,6,24,300.0,1047,2,-99.71,803.6347683858644,1038.3175,50.0,16.666666666666664,6.1686928278440405
facebookresearch/hydra,6,64,6,-90.62,247,44,-81.85,1637.9433181542197,1700.7111764705885,29.6875,33.33333333333333,0.1256111429166313
fossasia/visdom,3,27,25,-7.41,100,113,12.87,11641.665359477123,27535.631875,3.7037037037037033,20.0,20.554941981165403
vega/altair,3,54,61,12.96,327,52,-83.84,19963.292977346275,7744.87063063063,27.77777777777778,39.34426229508197,-23.377824826058283
modin-project/modin,3,230,1,-99.57,954,9,-98.95,11599.182454874985,0.0,50.43478260869565,100.0,-2.6258472700366555
Netflix/metaflow,6,147,120,-18.37,169,190,12.35,19473.282777777786,9440.80926046176,38.095238095238095,54.16666666666666,-5.238196956050533
yzhao062/pyod,3,125,109,-12.8,62,11,-80.95,8239.781710526313,6088.4209375,26.4,36.69724770642202,-9.601484351014264
pycaret/pycaret,5,642,114,-82.24,1229,388,-68.37,5169.132750655456,29408.02739781232,27.570093457943923,51.75438596491229,18.446314289271665
